key,views,context,translation_de,translation_en,translation_fr,translation_it,translation_plural_de,translation_plural_en,translation_plural_fr,translation_plural_it
general_site_text,translation_center_frontend,application_forms,Seitentexte,Page text,Texte de la page,Testo della pagina,,,,
general_forms,translation_center_frontend,application_forms,Formulare,Forms,Formulaires,Moduli,,,,
general_design,translation_center_frontend,application_forms,Gestaltung,Design,Conception,Design,,,,
general_color,translation_center_frontend,application_forms,Farbe,Color,Couleur,Colore,,,,
general_site_title,translation_center_frontend,application_forms,Titel,Title,Titre,Titolo,,,,
general_object_not_available,translation_center_frontend,application_forms,Text bei keinem freien Objekt,Text with no free object,Texte en l'absence d'objet libre,Testo senza oggetto libero,,,,
general_left_footer,translation_center_frontend,application_forms,Linke Fusszeile,Left footer,Pied de page gauche,Piè di pagina sinistro,,,,
general_right_footer,translation_center_frontend,application_forms,Rechte Fusszeile,Right footer,Pied de page droit,Piè di pagina destro,,,,
general_edit_questionnarie_settings,translation_center_frontend,application_forms,Bewerbungsfomulare bearbeiten,Edit Application form settings,Modifier les paramètres du formulaire,Modifica delle impostazioni del modulo,,,,
general_add_info_text,translation_center_frontend,application_forms,Infotext hinzufügen,Add Info Text,Ajouter un texte d'information,Aggiungere testo informativo,,,,
general_section,translation_center_frontend,application_forms,Abschnitt,Section,Section,Sezione,,,,
general_wohnung,translation_center_frontend,application_forms,Wohnung,Apartment,Appartement,Appartamento,,,,
general_home_info_text,translation_center_frontend,application_forms,Startseite Info Text,Home Info Text,Page d'accueil Infos Texte,Home Info Testo,,,,
general_edit_info_text,translation_center_frontend,application_forms,Infotext bearbeiten,Edit info text,Modifier le texte d'information,Modifica del testo informativo,,,,
general_delete_info_text,translation_center_frontend,application_forms,Infotext löschen,Delete info text,Supprimer le texte d'information,Cancellare il testo informativo,,,,
general_delete_info_text_msg,translation_center_frontend,application_forms,Sind Sie sicher  dass Sie den Infotext löschen wollen?,Are you sure you want to delete Info Text?,Êtes-vous sûr de vouloir supprimer le texte d'information ?,È sicuro di voler eliminare il testo informativo?,,,,
general_visible,translation_center_frontend,application_forms,Sichtbar,Visible,Visible,Visibile,,,,
general_required,translation_center_frontend,application_forms,Erforderlich,Required,Nécessaire,Richiesto,,,,
general_text_label,translation_center_frontend,application_forms,Label/Text,Label/Text,Label/Texte,Label/Testo,,,,
general_condition,translation_center_frontend,application_forms,Bedingung,Condition,Condition,Condizione,,,,
general_info_text,translation_center_frontend,application_forms,Info-Text,Info Text,Texte d'information,Testo informativo,,,,
general_add_info_text_msg,translation_center_frontend,application_forms,Der Inhalt wird in der Sprache des Bewerbungsformulars angezeigt.,The content will be displayed in the language of the application form.,Le contenu sera affiché dans la langue du formulaire de demande.,Il contenuto verrà visualizzato nella lingua del modulo di domanda.,,,,
apartment_object_label,translation_center,application_forms,Objekt,Object,Objet,Oggetto,,,,
apartment_household_label,translation_center,application_forms,Haushalt,Household,Ménage,Casa,,,,
apartment_people_label,translation_center,application_forms,Personen,People,Les personnes,Persone,,,,
apartment_adult_label,translation_center,application_forms,Erwachsener,Adult,Adulte,Adulto,,,,
apartment_child_label,translation_center,application_forms,Kind,Child,Enfant,Bambino,,,,
apartment_agreement_label,translation_center,application_forms,Zusammenfassung,Summary,Résumé,Sommario,,,,
apartment_section_object_selection_label,translation_center,application_forms,Wohnung,Apartment,Appartement,Appartamento,,,,
apartment_section_additional_objects_label,translation_center,application_forms,Zusätzliche Objekte,Additional objects,Objets complémentaires,Oggetti aggiuntivi,,,,
apartment_section_general_household_label,translation_center,application_forms,Allgemein,General,Généralités,Generale,,,,
apartment_section_relocation_information_label,translation_center,application_forms,Umzugsinformationen,Moving information,Informations sur le déménagement,Informazioni sul movimento,,,,
apartment_section_deposit_insurance_label,translation_center,application_forms,Depot & Kautionsversicherung,Deposit & Surety Insurance,Dépôt & Assurance caution,Assicurazione cauzione e fideiussione,,,,
apartment_section_motivation_label,translation_center,application_forms,Motivation,Motivation,Motivation,Motivazione,,,,
apartment_section_more_information_label,translation_center,application_forms,Weitere Informationen,Additional information,Plus d'informations,Ulteriori informazioni,,,,
apartment_section_renter_label,translation_center,application_forms,Mieter,Tenant,Locataire,Inquilino,,,,
apartment_section_general_child_label,translation_center,application_forms,Allgemein,General,Général,Generale,,,,
apartment_section_general_adult_label,translation_center,application_forms,Allgemein,General,Général,Generale,,,,
apartment_section_contact_adult_label,translation_center,application_forms,Kontakt,Contact,Contact,Contatto,,,,
apartment_section_housing_situation_adult_label,translation_center,application_forms,Wohnsituation,Housing situation,Situation de logement,Situazione abitativa,,,,
apartment_section_insurances_adult_label,translation_center,application_forms,Versicherungen,Insurance,Assurances,Assicurazione,,,,
apartment_section_employment_adult_label,translation_center,application_forms,Erwerbstätigkeit,Employment,Emploi,Occupazione (adulti),,,,
apartment_section_credit_adult_label,translation_center,application_forms,Bonität,Creditworthiness,Solvabilité,Merito creditizio,,,,
apartment_section_documents_adult_label,translation_center,application_forms,Dokumente,Documents,Documents,Documenti,,,,
apartment_section_agreement_label,translation_center,application_forms,Zusammenfassung,Summary,Résumé,Sommario,,,,
form_please_choose_choice,translation_center,application_forms,Bitte wählen,Please choose,Veuillez choisir,Selezionare,,,,
form_single_parent_household_choice,translation_center,application_forms,Elternteil mit Kind(ern),Single parent with child/ren,Parent seul avec enfant(s),Genitore single con figli,,,,
form_flat_share_choice,translation_center,application_forms,Wohngemeinschaft,Flat-share,Colocation,Appartamento in condivisione,,,,
form_other_choice,translation_center,application_forms,Andere,Other,Autres,Altro,,,,
form_reconstruction_choice,translation_center,application_forms,Umbau/Sanierung,Reconstruction/Renovation,Reconstruction/Rénovation,Conversione/ ristrutturazione,,,,
form_change_in_life_situation_choice,translation_center,application_forms,Änderung der Lebenssituation,Change of life situation,Nouvelle situation de vie,Cambiamento della situazione abitativa,,,,
form_change_in_income_situation_choice,translation_center,application_forms,Änderung der Einkommenssituation,Change in income,Changement de la situation des revenus,Cambiamento della situazione reddituale,,,,
form_change_of_place_of_work_choice,translation_center,application_forms,Änderung des Arbeitsortes,Change in the place of work,Changement de lieu de travail,Cambiamento nel luogo di lavoro,,,,
form_change_in_space_requirement_choice,translation_center,application_forms,Änderung Flächenbedarf,Change in space requirements,Changement des besoins d'espace,Cambiamento nell'uso del suolo,,,,
form_noise_imissions_choice,translation_center,application_forms,Lärm /Imissionen,Noise/Emissions,Bruit/Emissions,Rumore/immissioni,,,,
form_price_performance_ratio_choice,translation_center,application_forms,Preis-/Leistungsverhältnis,Price/performance ratio,Rapport prix/performance,Rapporto prezzo/prestazioni,,,,
form_problems_with_administration_choice,translation_center,application_forms,Probleme mit Hauswart/Verwaltung,Problems with janitor/administration,Problèmes avec le/la concierge/la gérance,Problemi con il custode/amministrazione,,,,
form_problems_with_neighbour_choice,translation_center,application_forms,Probleme mit Nachbar,Problems with neighbors,Problèmes de voisinage,Problemi con i vicini,,,,
form_quality_of_living_choice,translation_center,application_forms,Wohnqualität,Quality of living,Qualité de vie,Qualità della vita,,,,
form_termination_by_landlord_choice,translation_center,application_forms,Kündigung durch Vermieter,Termination by landlord,Résiliation par le bailleur,Disdetta da parte del locatore,,,,
form_insurance_choice,translation_center,application_forms,Versicherungslösung,Insurance solution,Garantie de loyer sans dépôt bancaire,Soluzione assicurativa,,,,
form_deposit_choice,translation_center,application_forms,Mietkautionskonto,Security deposit,Compte de dépôt de loyer,Conto deposito affitto,,,,
form_bank_guarantee_choice,translation_center,application_forms,Bankgarantie,Bank guarantee,Garantie bancaire,Garanzia bancaria,,,,
form_other_insurance_provider_choice,translation_center,application_forms,Anderer Anbieter,Other provider,Autre fournisseur,Altro fornitore,,,,
form_online_ads_choice,translation_center,application_forms,Onlinewerbung,Online advertisements,Annonce en ligne,Pubblicità online,,,,
form_print_ads_choice,translation_center,application_forms,Zeitungsinserat,Print advertisements,Annonce dans le journal,Pubblicità sui giornali,,,,
form_advertising_posters_choice,translation_center,application_forms,Werbeplakat,Billboards,Affiche publicitaire,Tabelloni,,,,
form_relationship_network_choice,translation_center,application_forms,Beziehungsnetz,My network,Réseau de contacts,Rete di contatti,,,,
form_construction_site_panel_choice,translation_center,application_forms,Bautafel/Vermietungstafel,Rental panel,Panneau de construction/panneau de location,Scheda di costruzione/locazione,,,,
form_public_transport_ads_choice,translation_center,application_forms,ÖV-Werbung,Public transport advertising,Publicité dans les transports publics,Pubblicità del trasporto pubblico,,,,
form_radio_ads_choice,translation_center,application_forms,Radiowerbung,Radio commercial,Publicité à la radio,Pubblicità via radio,,,,
form_open_house_day_choice,translation_center,application_forms,Tag der offenen Tür,Open House,Journée portes ouvertes,Giornata aperta,,,,
form_search_engine_choice,translation_center,application_forms,Suchmaschine,Search engine,Moteur de recherche,Motore di ricerca,,,,
form_flyer_choice,translation_center,application_forms,Flyer,Flyer,Délpiant,Volantino,,,,
form_project_website_choice,translation_center,application_forms,Projektwebseite,Project website,Site Web du projet,Sito web di progetto,,,,
form_real_estate_platform_choice,translation_center,application_forms,"Immobilienplattform (Newhome, Erstbezug, Homegate, ...)","Real estate platform (Newhome, Erstbezug, Homegate, ...)","Plateforme immobilière (Newhome, Immoscout24, Homegate, ...)","Piattaforme immobiliari (Newhome, Immoscout24, Homegate, ...)",,,,
form_male_choice,translation_center,application_forms,Herr,Mr.,Monsieur,Il Sig.,,,,
form_female_choice,translation_center,application_forms,Frau,Mrs.,Madame,Signora,,,,
form_married_choice,translation_center,application_forms,verheiratet,married,Marié(e),sposato,,,,
form_unmarried_choice,translation_center,application_forms,ledig,single,Célibataire,singolo,,,,
form_registered_partnership_choice,translation_center,application_forms,in eingetragener Partnerschaft,in registered partnership,Partenariat enregistré,in unione registrata,,,,
form_widowed_choice,translation_center,application_forms,verwitwet,widowed,Veuf/veuve,vedova,,,,
form_divorced_choice,translation_center,application_forms,geschieden,divorced,Divorcé(e),divorziato,,,,
form_separated_choice,translation_center,application_forms,getrennt,separated,Séparé(e),separato,,,,
form_F_choice,translation_center,application_forms,(F) Vorläufig Aufgenommen,(F) Temporarily accepted,(F) Admission provisoire,(F) Accettato temporaneamente,,,,
form_G_choice,translation_center,application_forms,(G) Grenzgänger,(G) Frontier worker,(G) Travailleurs frontaliers,(G) Lavoratore frontaliero,,,,
form_S_choice,translation_center,application_forms,(S) Schutzbedürftige,(S) Vulnerable person,(S) Personne à protéger,(S) Persona vulnerabile,,,,
form_L_choice,translation_center,application_forms,(L) Kurzaufenthalter,(L) Short stay resident,(L) Séjour de courte durée,(L) Residente di breve durata,,,,
form_C_choice,translation_center,application_forms,(C) Niedergelassene,(C) Long-term resident,(C) Autorisation d’établissement,(C) Residente di lungo periodo,,,,
form_B_choice,translation_center,application_forms,(B) Aufenthaltsbewilligung,(B) Residence permit,(B) Résident•e longue durée,(B) Permesso di soggiorno,,,,
form_N_choice,translation_center,application_forms,(N) Asylsuchende,(N) Asylum seeker,(N) Requérant d’asile,(N) Richiedenti asilo,,,,
form_spouse_choice,translation_center,application_forms,"Ehepartner/in,eingetragene Partnerschaft","Spouse, registered partnership","Conjoint(e), partenariat enregistré","Coniuge, unione domestica registrata",,,,
form_joint_liability_choice,translation_center,application_forms,Solidarhafter,Guarantor,Responsable solidaire,Più solidarietà,,,,
form_partner_choice,translation_center,application_forms,Mitbewohner/in,"Roommate, life partner","Colocataire, compagnon/compagne","Coinquilino, compagno di vita",,,,
form_main_tenant_choice,translation_center,application_forms,Hauptmieter/in,Main tenant,Locataire principal(e),Inquilino principale,,,,
form_subtenant_choice,translation_center,application_forms,Untermieter,Subtenant,Sous-locataire,Sublocatore,,,,
form_own_home_choice,translation_center,application_forms,Eigenheim,Own home,Propre logement,Casa propria,,,,
form_tenancy_choice,translation_center,application_forms,Mietverhältnis,Tenancy,Location,Affitto,,,,
form_other_housing_situation_choice,translation_center,application_forms,Andere Wohnsituation,Other,Autre situation de logement,Altra situazione abitativa,,,,
form_living_with_parents_choice,translation_center,application_forms,Elternhaus,Living with parents,Logement parental,Casa madre,,,,
form_notyet_choice,translation_center,application_forms,Ungekündigt,Uncanceled,Pas résilié,Non terminato,,,,
form_tenant_choice,translation_center,application_forms,Mieter,Tenant,Locataire,Inquilino,,,,
form_landlord_choice,translation_center,application_forms,Vermieter,Landlord,Bailleur,Proprietario,,,,
form_employment_true_choice,translation_center,application_forms,Befristet,Temporary,Temporaire,Temporaneo,,,,
form_employment_false_choice,translation_center,application_forms,Unbefristet,Permanent,Permanent,Permanente,,,,
form_certificat_choice,translation_center,application_forms,CreditTrust-Zertifikat,CreditTrust certificate,Certificat CreditTrust,CreditTrust certificato,,,,
form_enforcement_choice,translation_center,application_forms,Betreibungsregisterauszug,Excerpt from the debt collection register,Extrait du registre des poursuites,Estratto dal registro delle esecuzioni,,,,
form_unemployed_choice,translation_center,application_forms,Arbeitslos,Unemployed,Chômeur,Disoccupato,,,,
form_retired_choice,translation_center,application_forms,Im Ruhestand,Retired,Retraité/e,In pensione,,,,
form_full_time_choice,translation_center,application_forms,Vollzeit (90-100%),Full-time (90-100%),Temps complet (90-100%),A tempo pieno (90-100%),,,,
form_part_time_70_89_choice,translation_center,application_forms,Teilzeit (70-89%),Part-time (70-89%),Temps partiel (70-89%),Tempo parziale (70-89%),,,,
form_part_time_50_69_choice,translation_center,application_forms,Teilzeit (50-69%),Part-time (50-69%),Temps partiel (50-69%),Tempo parziale (50-69%),,,,
form_part_time_below_50_choice,translation_center,application_forms,Teilzeit (unter 50%),Part-time (less than 50%),Temps partiel (moins de 50%),Tempo parziale (meno del 50%),,,,
form_self_employed_choice,translation_center,application_forms,Selbständig,Self-employed,Indépendant/e,Lavoratore autonomo,,,,
form_in_education_choice,translation_center,application_forms,Nichterwerbsperson in Ausbildung,In education without income,Personne en formation sans revenu,In educazione senza reddito,,,,
form_disability_pension_choice,translation_center,application_forms,Rentner/innen (IV),Disability pension (IV),Rentier/rentière (IV),Pensione di invalidità (AI),,,,
form_housewife_home_husband_choice,translation_center,application_forms,Hausfrau/Hausmann,Housewife/houseman,Homme/femme au foyer,Casalinga/casalingo,,,,
form_retiree_welfare_recipient_choice,translation_center,application_forms,Sozialhilfebezüger/in,Retired (AHV),Bénéficiaire de l'aide sociale,Beneficiario del welfare,,,,
form_company_choice,translation_center,application_forms,"Gesellschaft (AG, GmbH, Verein)","Company (Inc, Ltd, association)","Société (S.A, S.A.R.L. association)","Società (S.p.A, S.L.R, associazione)",,,,
form_individual_company_choice,translation_center,application_forms,Einzelfirma,Individual Company,Entreprise individuelle,Società individuale,,,,
form_private_individual_choice,translation_center,application_forms,Privatperson,Private individual,Particulier,Privato,,,,
form_coownership_50_choice,translation_center,application_forms,Miteigentum zu je 1/2,Co-ownership to 1/2 each,Copropriété à 1/2 chacun,Comproprietà a 1/2 ciascuno,,,,
form_unregistered_company_choice,translation_center,application_forms,"Gesamteigentum, einfache","Joint ownership, simple society","Propriété commune, société simple","Proprietà comune, società semplice",,,,
form_undiceded_choice,translation_center,application_forms,Noch unklar,Still unclear,Encore incertain,Ancora non è chiaro,,,,
form_self_occupied_choice,translation_center,application_forms,Selbstgenutzt,Self-used,Utilisé par le propriétaire,Autoutilizzato,,,,
form_investment_choice,translation_center,application_forms,Investment,Investment,Investissement,Investimento,,,,
form_profit_participation_choice,translation_center,application_forms,Errungenschaftsbeteiligun,Profit-sharing,Participation aux bénéfices,Partecipazione agli utili,,,,
form_joint_property_choice,translation_center,application_forms,Gütergemeinschaft,Community of property,Communauté de biens,Comunità di proprietà,,,,
form_separation_of_property_choice,translation_center,application_forms,Gütertrennung,Separation of property,Séparation de biens,Separazione della proprietà,,,,
form_current_tenant_choice,translation_center,application_forms,Aktuell Mieter ,Current tenant,Locataire actuel,Inquilino attuale,,,,
form_tenant_child_choice,translation_center,application_forms,Mieterkind ,Child tenant,Enfant locataire,Inquilino figlio,,,,
form_voluntary_members_choice,translation_center,application_forms,Freiwillige Genossenschafter,Voluntary member,Membre volontaire,Membro volontario,,,,
form_no_relation_choice,translation_center,application_forms,Kein Bezug,No relation,Aucun lien de parenté,Nessun parente,,,,
form_living_in_neighborhood_choice,translation_center,application_forms,Bereits jetzt im Quartier wohnhaft,Already living in the neighborhood,Habite déjà dans le quartier,Già residente nel quartiere,,,,
form_working_in_neighborhood_choice,translation_center,application_forms,Arbeitsplatz im Quartier,Workplace in the neighborhood,Travail dans le quartier,Luogo di lavoro nel quartiere,,,,
form_relatives_in_neighborhood_choice,translation_center,application_forms,Angehörige im Quartier pflegen/betreuen,Caring for relatives in the neighborhood,S'occuper de parents dans le quartier,Cura dei parenti nel quartiere,,,,
form_child_in_neighborhood_choice,translation_center,application_forms,Kinder besuchen Schule/Kindergarten im Quartier,Children school/kindergarten in the neighborhood,École enfantine/jardin d'enfants dans le quartier,Scuola/asilo per bambini nel quartiere,,,,
form_field_wohnungsauswahl_label,translation_center,application_forms,Wohnungsauswahl,Apartment selection,Sélection d'appartements,Selezione appartamento,,,,
form_field_parking_label,translation_center,application_forms,Parkplätze gewünscht,Parking spaces wanted,Places de parking souhaités,Cercasi parcheggio,,,,
form_field_parking_regular_label,translation_center,application_forms,Einstellplätze,Parking spaces,Places de parking,Parcheggio,,,,
form_field_parking_small_label,translation_center,application_forms,Parkplätze klein,Parking spaces for small cars,Places de parking pour petites voitures,Parcheggi per auto piccola,,,,
form_field_parking_large_label,translation_center,application_forms,Parkplätze gross,Parking spaces for large cars,Places de parking pour grandes voitures,Parcheggi per auto grande,,,,
form_field_parking_electric_label,translation_center,application_forms,Parkplätze für Elektroautos ,Parking spaces for electric cars,Places de parking pour les voitures électriques,Parcheggi per auto elettriche,,,,
form_field_parking_electric_small_label,translation_center,application_forms,Parkplätze für kleine Elektroautos,Parking spaces for small electric cars,Places de stationnement pour petites voitures électriques,Parcheggi per piccole auto elettriche,,,,
form_field_parking_outdoor_label,translation_center,application_forms,Aussenparkplätze,Outdoor parking spaces,Parking extérieur,Parcheggio esterno,,,,
form_field_parking_special_label,translation_center,application_forms,IV Parkplätze,IV Parking spaces,IV Places de parking,IV Parcheggi,,,,
form_field_car_reason_label,translation_center,application_forms,Begründung des Autobesitzes,Car ownership justification,Justification de la possession de la voiture,Giustificazione della proprietà dell'auto,,,,
form_field_car_doc_label,translation_center,application_forms,Betätigung,Actuation,Actionnement,Attuazione,,,,
form_field_car_sharing_label,translation_center,application_forms,Interesse an car sharing,Interest in car sharing,Intérêt pour le covoiturage,Interesse per il car sharing,,,,
form_field_motorbikes_label,translation_center,application_forms,Motorradparkplätze gewünscht,Motorbike parking spaces wanted,Parking pour motos souhaité,Parcheggi per moto desiderati,,,,
form_field_parking_motorbike_label,translation_center,application_forms,Motorradparkplätze,Motorbike parking spaces,Parking pour motos,Parcheggio per moto,,,,
form_field_bicycles_label,translation_center,application_forms,Fahrrad/E-Bike Stellplätze gewünscht,Bike parking spaces wanted,Emplacements pour vélos/bicyclettes souhaités,Parcheggi per biciclette/e-bike desiderati,,,,
form_field_parking_bicycle_label,translation_center,application_forms,Fahrradstellplätze,Bike parking spaces,Parking à vélos,Parcheggio per biciclette,,,,
form_field_parking_electric_bicycles_label,translation_center,application_forms,E-Bike-Stellplätze,Electric bike parking spaces,Parking pour vélos électriques,Parcheggi per e-bike,,,,
form_field_wants_addroom_label,translation_center,application_forms,Zusatzzimmer gewünscht,Additional room wanted,Pièce(s) supplémentaire souhaitée,Cercasi camera supplementare,,,,
form_field_addroom_intended_use_label,translation_center,application_forms,Beabsichtigte Nutzung des Zusatzzimmers,Intended use of the additional room,Utilisation de la pièce supplémentaire,Destinazione d'uso della stanza supplementare,,,,
form_field_addroom_area_label,translation_center,application_forms,Gewünschte Fläche des Zusatzzimmers (von - bis),Wanted area of additional room (from-to),Surface souhaitée de la pièce supplémentaire (de - à),Area desiderata della stanza aggiuntiva (da-a),,,,
form_field_wants_stockroom_label,translation_center,application_forms,Lagerraum gewünscht,Storage room wanted,Pièce de stockage souhaitée,Ripostiglio desiderato,,,,
form_field_stockroom_intended_use_label,translation_center,application_forms,Beabsichtigte Nutzung des Lagerraums,Intended use of the storage room,Utilisation prévue de la réserve,Uso previsto del ripostiglio,,,,
form_field_stockroom_area_label,translation_center,application_forms,Gewünschte Fläche des Lagerraums (von - bis),Wanted area of storage room (from-to),Surface souhaitée de la réserve (de - à),Area desiderata del ripostiglio (da-a),,,,
form_field_wants_workshop_label,translation_center,application_forms,Atelier gewünscht,Studio wanted,Studio souhaité,Studio desiderato,,,,
form_field_workshop_intended_use_label,translation_center,application_forms,Beabsichtigte Nutzung des Ateliers,Intended use of the studio,Utilisation prévue du studio,Uso previsto dello studio,,,,
form_field_wants_coworking_label,translation_center,application_forms,Interesse an Co-Working-Space,Interest in co-working space,Intérêt pour un espace de co-working,Interesse per uno spazio di co-working,,,,
form_field_wants_homeoffice_label,translation_center,application_forms,Interesse an Arbeit im Home Office,Interest in in home office work,Intérêt pour le travail à domicile,Interesse per il lavoro in casa,,,,
form_field_wants_homeoffice_detail_label,translation_center,application_forms,Grund für Arbeit im Home Office,Reason for home office work,Raison du travail à domicile,Motivo del lavoro in casa,,,,
form_field_obstacle_free_label,translation_center,application_forms,Barrierefreie Wohnung,Obstacle free apartment,Appartement sans obstacles,Appartamento senza ostacoli,,,,
form_field_household_type_label,translation_center,application_forms,Haushaltstyp,Household type,Type de ménage,Tipo di casa,,,,
form_field_pets_label,translation_center,application_forms,Haustiere,Pets,Animaux domestiques,Animali domestici,,,,
form_field_pets_type_label,translation_center,application_forms,Haustierart/ Hunderasse,Type of pet/ dog breed,Type d'animal domestique / race de chien,Tipo di animale domestico/ razza di cane,,,,
form_field_pets_doc_label,translation_center,application_forms,Hundepass/ Bewilligung,Dog passport/ permit,Passeport/permis pour chien,Passaporto/permesso per cani,,,,
form_field_music_instruments_label,translation_center,application_forms,Musikinstrumente,Music instruments,Instruments de musique,Strumenti musicali,,,,
form_field_music_instruments_type_label,translation_center,application_forms,Art des Musikinstruments,Type of music instrument,Type d'instrument de musique,Tipo di strumento musicale,,,,
form_field_smoking_label,translation_center,application_forms,Raucher/in,Smoker,Fumeur,Fumatore,,,,
form_field_relocation_reason_label,translation_center,application_forms,Umzugsgrund,Reason for moving,Raison du déménagement,Motivo del trasloco,,,,
form_field_moving_date_label,translation_center,application_forms,Gewünschtes Bezugsdatum,Desired reference date,Date de référence souhaitée,Data di trasferimento desiderata,,,,
form_field_mailbox_label_label,translation_center,application_forms,Gewünschte Klingel-/ Briefkastenbeschriftung,Wanted doorbell/mailbox label,Etiquette de sonnette/boîte aux lettres souhaitée,Etichetta campanello/casella postale desiderata,,,,
form_field_securities_options_label,translation_center,application_forms,Sicherheitsleistung (3 Brutto-Monatsmieten),Security deposit (3 grossly month rent),Dépôt de garantie (3 mois de loyer brut),Deposito cauzionale (3 mesi lordi di affitto),,,,
form_field_securities_provider_label,translation_center,application_forms,Anbieter,Provider,Fournisseur,Fornitore,,,,
form_field_securities_provider_details_label,translation_center,application_forms,Anbieter angeben,Specify provider,Préciser le fournisseur,Specificare il fornitore,,,,
form_field_income_rent_ratio_label,translation_center,application_forms,Monatliches Haushaltseinkommen höher als 3 Bruttomonatsmieten,Monthly household income > 3 monthly rents,Revenu mensuel du ménage > 3 loyers mensuels,Reddito familiare mensile > 3 affitti mensili,,,,
form_field_iban_label,translation_center,application_forms,IBAN- Nr,IBAN number,Numéro IBAN,Numero IBAN,,,,
form_field_bank_name_label,translation_center,application_forms,Name und Ort der Bank,Bank name and location,Nom et adresse de la banque,Nome e sede della banca,,,,
form_field_account_owner_label,translation_center,application_forms,Kontoinhaber,Account owner,Propriétaire du compte,Proprietario del conto,,,,
form_field_motivation_label,translation_center,application_forms,Motivation,Motivation,Motivation,Motivazione,,,,
form_field_engagement_label,translation_center,application_forms,Ideen zur Beteiligung,Participation ideas,Idées de participation,Idee di partecipazione,,,,
form_field_relation_to_project_label,translation_center,application_forms,Bezug zur Genossenschaft,Relation to the cooperative,Relation avec la coopérative,Rapporto con la cooperativa,,,,
form_field_relation_to_project_detail_label,translation_center,application_forms,Beziehungsart,Type of relation,Type de relation,Tipo di relazione,,,,
form_field_source_label,translation_center,application_forms,Objekt gefunden auf,Object found on,Objet trouvé sur,Oggetto trovato su,,,,
form_field_source_web_label,translation_center,application_forms,Immobilienplattform,Real-estate platform,Plateforme immobilière,Piattaforma immobiliare,,,,
form_field_source_detail_label,translation_center,application_forms,Quelle angeben,Specify source,Préciser la source,Specificare la fonte,,,,
form_field_remarks_label,translation_center,application_forms,Bemerkung zur Bewerbung,Remarks,Remarques,Osservazioni,,,,
form_field_adults_label,translation_center,application_forms,Erwachsener,Adult,Adulte,Adulto,,,,
form_field_children_label,translation_center,application_forms,Kind,Child,Enfant,Bambino,,,,
form_field_days_present_label,translation_center,application_forms,Nächte pro Woche in der Wohnung,Nights in the apartment,Nuits dans l'appartement,Notti nell'appartamento,,,,
form_field_title_label,translation_center,application_forms,Anrede,Salutation,Salutation,Saluto,,,,
form_field_firstname_label,translation_center,application_forms,Vorname,First name,Prénom,Nome e cognome,,,,
form_field_name_label,translation_center,application_forms,Nachname,Last name,Nom de famille,Cognome,,,,
form_field_date_of_birth_label,translation_center,application_forms,Geburtsdatum ,Birthdate ,Date de naissance,Data di nascita,,,,
form_field_civil_status_label,translation_center,application_forms,Zivilstand,Civil status,État civil,Stato civile,,,,
form_field_nation_label,translation_center,application_forms,Nationalität,Nationality,Nationalité,Nazionalità,,,,
form_field_place_of_citizenship_label,translation_center,application_forms,Heimatort,Hometown,Lieu d'origine,Luogo di origine,,,,
form_field_permit_label,translation_center,application_forms,Aufenthaltsbewilligung,Residence permit,Permis de séjour,Permesso di soggiorno,,,,
form_field_living_in_country_since_label,translation_center,application_forms,Wohnhaft in der Schweiz seit,Living in Switzerland since ,Résidant en Suisse depuis,Residente in Svizzera dal,,,,
form_field_tenant_type_label,translation_center,application_forms,Art des Mietinteressenten,Type of tenant,Type de locataire potentiel,Tipo di inquilino,,,,
form_field_phone_label,translation_center,application_forms,Telefonnummer,Phone number,Numéro de téléphone,Numero di telefono,,,,
form_field_office_phone_label,translation_center,application_forms,Telefon Geschäft,Business phone number,Téléphone professionnel,Telefono aziendale,,,,
form_field_email_label,translation_center,application_forms,E-Mail Adresse,E-mail address,Adresse e-mail,Indirizzo e-mail,,,,
form_field_email_control_label,translation_center,application_forms,E-Mail Adresse bestätigen,Confirm e-mail address,Confirmer l'adresse e-mail,Confermare l'indirizzo e-mail,,,,
form_field_current_housing_situation_label,translation_center,application_forms,Aktuelle Mietsituation,Current rental situation,Situation locative actuelle,Situazione attuale dell'affitto,,,,
form_field_current_housing_situation_detail_label,translation_center,application_forms,Beschreibung der aktuellen Mietsituation,Description of current rental situation,Description de la situation locative actuelle,Descrizione della situazione attuale di affitto,,,,
form_field_landlord_label,translation_center,application_forms,Aktueller Vermieter,Current landlord,Bailleur actuel,Proprietario attuale,,,,
form_field_landlord_contact_label,translation_center,application_forms,Kontaktperson (für Referenzauskunft),Contact person (for reference) ,Personne de contact (pour information de référence),Persona di contatto (per riferimento),,,,
form_field_landlord_contact_phone_label,translation_center,application_forms,Telefonnummer der Kontaktperson,Phone number of the contact person,Numéro de téléphone de la personne de contact,Numero di telefono della persona di contatto,,,,
form_field_landlord_contact_email_label,translation_center,application_forms,E-Mail Adresse der Kontaktperson,Email address of the contact person,Adresse e-mail de la personne de contact,Indirizzo e-mail della persona di contatto,,,,
form_field_previous_rent_label,translation_center,application_forms,Monatlicher Bruttomietzins (in CHF),Monthly gross rent (in CHF),Loyer mensuel brut (en CHF),Affitto mensile lordo (in CHF),,,,
form_field_previous_rooms_label,translation_center,application_forms,Zimmer,Rooms,Pièce(s),Camera,,,,
form_field_notice_of_termination_label,translation_center,application_forms,Vertrag gekündigt durch,Contract terminated by,Contrat résilié par,Contratto risolto da,,,,
form_field_notice_of_termination_date_label,translation_center,application_forms,Kündigungsdatum,Cancellation date,Date de résiliation,Data di risoluzione,,,,
form_field_notice_of_termination_reason_label,translation_center,application_forms,Kündigungsgrund,Reason for cancellation,Motif de la résiliation,Motivo della risoluzione,,,,
form_field_street_nr_label,translation_center,application_forms,Strasse und Nummer,Street and Number,Rue et numéro,Via e numero civico,,,,
form_field_postcode_label,translation_center,application_forms,PLZ,Post code,NPA,CAP,,,,
form_field_city_label,translation_center,application_forms,Ort,City,Ville,Città,,,,
form_field_country_label,translation_center,application_forms,Land,Country,Pays,Paese,,,,
form_field_living_since_label,translation_center,application_forms,Einzugsdatum,Move-in date,Date d'emménagement,Data del trasloco,,,,
form_field_legal_residence_label,translation_center,application_forms,Zivilrechtlichen Hauptwohnsitz an der neuen Adresse,Civil law principal residence at the new address,Résidence principale de droit civil à la nouvelle adresse,Residenza principale di diritto civile al nuovo indirizzo,,,,
form_field_move_three_years_label,translation_center,application_forms,Umgezogen in den letzten drei Jahren,Relocation in the last 3 years,Déménagé au cours des trois dernières années,Trasloco negli ultimi tre anni,,,,
form_field_previous_street_nr_label,translation_center,application_forms,Vorherige Strasse und Nummer,Previous street and number,Rue et numéro précédents,Via e numero civico precedente,,,,
form_field_previous_postcode_label,translation_center,application_forms,Vorherige PLZ,Post code of the previous address,Code postal précédent,Codice postale precedente,,,,
form_field_previous_city_label,translation_center,application_forms,Vorherige Wohngemeinde,Previous municipality,Commune de résidence précédente,Comune di residenza precedente,,,,
form_field_member_label,translation_center,application_forms,Mitglied der Genossenschaft,Already a member of the community,Membre de la coopérative,Socio della cooperativa,,,,
form_field_member_since_label,translation_center,application_forms,Eintrittsdatum,Date of entry,Date d'entrée,Data di adesione,,,,
form_field_liability_label,translation_center,application_forms,Privathaftpflichtversicherung vorhanden,Personal liability insurance available,Assurance responsabilité civile privée existante,Assicurazione privata di responsabilità civile disponibile,,,,
form_field_insurance_personal_liability_insurance_label,translation_center,application_forms,Privathaftpflichtversicherung angeben,Specify personal liability insurance,Indiquer l'assurance responsabilité civile privée,Specificare l'assicurazione di responsabilità civile privata,,,,
form_field_household_insurance_label,translation_center,application_forms,Hausratsversicherung vorhanden ,Household insurance available,Assurance ménage existante,Assicurazione del proprietario di casa in vigore,,,,
form_field_insurance_household_insurance_label,translation_center,application_forms,Hausratsversicherung angeben,Specify household insurance,Indiquer l'assurance ménage,Specificare l'assicurazione domestica,,,,
form_field_insurance_check_label,translation_center,application_forms,Kostenlose Überprüfung ihrer Versicherung gewünscht,Free insurance check wanted,Vérification gratuite de votre assurance souhaitée,Richiesta di verifica gratuita dell'assicurazione,,,,
form_field_highest_education_label,translation_center,application_forms,Höchster Bildungsabschluss,Highest educational qualification,Niveau d'éducation le plus élevé,Livello di istruzione più alto,,,,
form_field_employment_quota_label,translation_center,application_forms,Beschäftigungsstatus,Employment status,Statut professionnel,Stato di occupazione,,,,
form_field_occupation_detail_label,translation_center,application_forms,Beruf,Occupation,Profession,Occupazione,,,,
form_field_employment_fixedterm_label,translation_center,application_forms,Anstellungsverhältnis,Employment type,Contrat de travail,Stato di occupazione,,,,
form_field_company_since_label,translation_center,application_forms,Eintrittsdatum in die Firma,Starting date at the company,Date d'entrée dans l'entreprise,Data di ingresso in azienda,,,,
form_field_company_founding_year_label,translation_center,application_forms,Grundungsjahr,Founding year,Année de base,Anno di fondazione,,,,
form_field_employment_terminated_label,translation_center,application_forms,Arbeitsverhältnis,Employment relationship,Rapport de travail,Rapporto di lavoro,,,,
form_field_company_name_label,translation_center,application_forms,Firmenname,Company name,Nom de l'entreprise,Nome dell'azienda,,,,
form_field_company_street_nr_label,translation_center,application_forms,Strasse und Nummer,Street and number,Rue et numéro,Via e numero civico,,,,
form_field_company_postcode_label,translation_center,application_forms,PLZ,Post code,NPA,CAP,,,,
form_field_company_city_label,translation_center,application_forms,Arbeitsort,Place of work,Lieu de travail,Luogo di lavoro,,,,
form_field_company_contact_label,translation_center,application_forms,Kontaktperson (für Referenzauskunft),Contact person for reference check,Personne de contact (pour les renseignements sur les références),Persona di contatto (per informazioni di riferimento),,,,
form_field_company_contact_phone_label,translation_center,application_forms,Telefonnummer der Kontaktperson ,Phone number of contact person,Numéro de téléphone de la personne de contact,Numero di telefono della persona di contatto,,,,
form_field_company_contact_email_label,translation_center,application_forms,E-Mail Adresse der Kontaktperson,Email address of contact person,Adresse e-mail de la personne de contact,Indirizzo e-mail della persona di contatto,,,,
form_field_company_annual_turnover_label,translation_center,application_forms,Durchschnittlicher Jahresumsatz,Average annual turnover,Chiffre d'affaires annuel moyen,Fatturato medio annuo,,,,
form_field_income_range_label,translation_center,application_forms,Bruttojahreseinkommen,Gross annual income,Revenu annuel brut,Reddito annuo lordo,,,,
form_field_income_taxable_net_label,translation_center,application_forms,Steuerbares Jahreseinkommen,Annual taxable income ,Revenu annuel imposable,Reddito imponibile annuo,,,,
form_field_wealth_taxable_net_label,translation_center,application_forms,Steuerbares Vermögen,Taxable assets,Actifs imposables,Patrimonio imponibile,,,,
form_field_securities_label,translation_center,application_forms,Bonitätsprüfung,Type of credit check,Type de contrôle de crédit,Tipo di controllo del credito,,,,
form_field_enforcement_doc_label,translation_center,application_forms,Betreibungsregisterauszug,Excerpt from the debt collection register,Extrait du registre des poursuites,Estratto dal registro dei crediti,,,,
form_field_has_credittrust_label,translation_center,application_forms,CreditTrust Zertifikat verfügbar,CreditTrust certificate available,Certificat CreditTrust disponible,Certificato CreditTrust disponibile,,,,
form_field_credittrust_upload_label,translation_center,application_forms,CreditTrust Zertifikat,CreditTrust certificate,Certificat CreditTrust,Certificato CreditTrust,,,,
form_field_enforcement_label,translation_center,application_forms,Bestehen Verlustscheine/Betreibungen in den letzen 5 Jahren,Existence of loss certificates/ debts in the last 5 years,Existence de certificats de perte/de dettes au cours des 5 dernières années,Esistenza di certificati di perdita/debiti negli ultimi 5 anni,,,,
form_field_enforcement_monthly_rate_label,translation_center,application_forms,Monatliche Abzahlungsrate (in CHF),Monthly payment rent (in CHF),Paiement mensuel du loyer (en CHF),Pagamento mensile dell'affitto (in CHF),,,,
form_field_credittrust_disclamer_label,translation_center,application_forms,Ich akzeptiere die CreditTrust AGBs und bestätige die CreditTrust Datenschutzerklärung gelesen zu haben,I accept the CreditTrust General Terms and Conditions and confirm that I have read the CreditTrust Privacy Policy.,J'accepte les conditions générales de CreditTrust et confirme avoir pris connaissance de Protection des données de CreditTrust.,Accetto le condizioni generali di CreditTrust e confermo di aver letto l'informativa sulla privacy di CreditTrust.,,,,
form_field_passport_doc_label,translation_center,application_forms,Kopie ID/ Pass,Copy of ID or passport,Copie de la carte d'identité ou du passeport,Copia del documento d'identità o del passaporto,,,,
form_field_permit_doc_label,translation_center,application_forms,Kopie Aufenthaltsbewilligung,Copy of residence permit,Copie du permis de séjour,Copia del permesso di soggiorno,,,,
form_field_welfare_doc_label,translation_center,application_forms,Bestätigung des Sozialamtes,Confirmation from the social welfare office,Confirmation du bureau d'aide sociale,Conferma dell'ufficio di assistenza sociale,,,,
form_field_income_doc_label,translation_center,application_forms,Einkommensbestätigung,Income confirmation,Confirmation de revenu,Conferma del reddito,,,,
form_field_additional_doc_label,translation_center,application_forms,Zusätzliches Dokument,Additional document,Document complémentaire,Documento aggiuntivo,,,,
form_field_additional_doc_2_label,translation_center,application_forms,Zusätzliches Dokument 2,Additional document 2,Document complémentaire 2,Documento aggiuntivo 2,,,,
form_field_additional_doc_3_label,translation_center,application_forms,Zusätzliches Dokument 3,Additional document 3,Document complémentaire 3,Documento aggiuntivo 3,,,,
form_field_agreement_truth_label,translation_center,application_forms,"Ich bestätige, alle Fragen wahrheitsgetreu beantwortet zu haben.",I confirm that I have answered all questions truthfully.,Je confirme que j'ai répondu honnêtement à toutes les questions.,Confermo di aver risposto in modo corretto a tutte le domande.,,,,
form_field_agreement_references_label,translation_center,application_forms,"Hiermit ermächtige ich den Vermieter, Auskünfte über meine Person einzuholen. (Alle Angaben werden vertraulich behandelt.)",I hereby authorize the landlord to obtain information about myself. (All information will be treated confidentially).,J'autorise le bailleur à obtenir des informations me concernant. (Toutes les informations seront traitées de manière confidentielle).,Autorizzo il locatore a richiedere informazioni su di me. (Tutte le informazioni saranno trattate in modo confidenziale).,,,,
form_field_agreement_penalty_label,translation_center,application_forms,"Zieht der Mietinteressent nach Ausfertigung eines vereinbarten Mietvertrages seine Bewerbung zurück, wird ihm eine Umtriebsentschädigung in Rechnung gestellt.","Should the prospective tenant withdraw their application after an agreed rental contract has been executed, they will be charged a compensation fee.","Si le candidat locataire retire sa candidature après la signature d'un contrat de location, il devra s'acquitter de frais de dédommagement.","Se il potenziale inquilino ritira la sua domanda dopo la stipula di un contratto di locazione concordato, gli verrà addebitata una tassa di compensazione.",,,,
form_field_agreement_privacy_label,translation_center,application_forms,Ich habe die Datenschutzerklärung gelesen und erkläre mich hiermit damit einverstanden.,I have read the privacy policy and hereby agree to it.,J'ai lu la politique de confidentialité et je l'accepte.,Ho letto l'informativa sulla privacy e la accetto.,,,,
form_field_car_license_plate_number_label,translation_center,application_forms,Nummer Kontrollschild,License plate number,Numéro de plaque d'immatriculation,Numero di targa,,,,
form_field_number_of_employees_label,translation_center,application_forms,Voraussichtliche Zahl der Beschäftigten,Expected number of employees,Nombre prévu d'employés,Numero di dipendenti previsto,,,,
form_field_fabrication_act_label,translation_center,application_forms,Dem Fabrikationsgesetz unterstellt,Subject to the manufacturing Act,Soumis à la loi sur l'industrie manufacturière,Soggetto alla legge sulla produzione,,,,
form_field_intended_use_label,translation_center,application_forms,Beabsichtigte Nutzung,Intended use,Utilisation prévue,Uso previsto,,,,
form_field_truck_access_label,translation_center,application_forms,Zu- und Wegfahrt für Lastwagen benötigt,Truck access and exit needed,Accès et sortie des camions nécessaires,Necessità di accesso e uscita per i camion,,,,
form_field_legal_form_label,translation_center,application_forms,Rechtsform,Legal status,Statut juridique,Stato giuridico,,,,
form_field_business_name_label,translation_center,application_forms,Firmenname,Company name,Nom de l'entreprise,Nome dell'azienda,,,,
form_field_uid_label,translation_center,application_forms,UID- Nr,UID number,Numéro UID,Numero UID,,,,
form_field_foreigncompany_founded_label,translation_center,application_forms,Gründungsort und -yahr in der Schweiz,Founding place and year in Switzerland,Lieu et année de fondation en Suisse,Luogo e anno di fondazione in Svizzera,,,,
form_field_company_purpose_label,translation_center,application_forms,Firmenzweck,Company purpose,Objet de la société,Scopo dell'azienda,,,,
form_field_company_certificate_of_registration_since_label,translation_center,application_forms,Im HR eingetragen seit,In register since,Au registre depuis,Nel registro dal,,,,
form_field_share_capital_label,translation_center,application_forms,Gesellschaftskapital,Corporate capital,Capital social,Capitale sociale,,,,
form_field_mwst_label,translation_center,application_forms,MWST-pflichtig,VAT subject,assujetti à la TVA,Soggetto IVA,,,,
form_field_mwst_number_label,translation_center,application_forms,MWST- Nr,VAT number,Numéro de TVA,Numero di partita IVA,,,,
form_field_company_certificate_of_registration_doc_label,translation_center,application_forms,Kopie des HR-Auszugs,Copy of HR extract,Copie de l'extrait RH,Copia dell'estratto HR,,,,
form_field_annual_financial_statements_label,translation_center,application_forms,Aktuellen Jahresabschluss,Current annual financial statement,État financier annuel actuel,Bilancio annuale corrente,,,,
form_field_business_plan_doc_label,translation_center,application_forms,Aktuellen Businessplan,Business plan,Plan d'entreprise,Piano aziendale,,,,
form_field_joint_acquisition_of_property_label,translation_center,application_forms,Gemeinschaftlicher Eigentumserwerb,Joint property acquisition,Acquisition conjointe de biens immobiliers,Acquisizione congiunta di proprietà,,,,
form_field_joint_acquisition_of_property_type_label,translation_center,application_forms,Art des gemeinschaftliches Eigentumserwerbs,Type of joint property acquisition,Type d'acquisition conjointe de biens immobiliers,Tipo di acquisizione congiunta di proprietà,,,,
form_field_joint_acquisition_of_property_type_detail_label,translation_center,application_forms,Beschreibung des gemeinschaftliches Eigentumserwerbs,Description of type of joint property acquisition,Description du type d'acquisition conjointe,Descrizione del tipo di acquisto in comune,,,,
form_field_use_of_condominium_label,translation_center,application_forms,Beabsichtigte Nutzung der Wohnung,Intended use of the apartment,Utilisation prévue de l'appartement,Destinazione d'uso dell'appartamento,,,,
form_field_capital_provider_label,translation_center,application_forms,Kapitalgeber,Investors,Investisseurs,Investitori,,,,
form_field_capital_provider_contact_label,translation_center,application_forms,Kapitalgeber Kontaktperson,Investor contact person,Personne de contact de l'investisseur,Persona di contatto dell'investitore,,,,
form_field_capital_provider_contact_phone_label,translation_center,application_forms,Telefonnummer der Kontaktperson,Phone number of contact person,Numéro de téléphone de la personne de contact,Numero di telefono della persona di contatto,,,,
form_field_capital_provider_contact_email_label,translation_center,application_forms,Email Adresse der Kontaktperson,Email address of contact person,Adresse électronique de la personne de contact,Indirizzo e-mail della persona di contatto,,,,
form_field_capital_provider_financing_commitment_label,translation_center,application_forms,Finanzierungszusage vorhanden,Financing commitment available,Engagement de financement disponible,Impegno di finanziamento disponibile,,,,
form_field_capital_provider_financing_commitment_doc_label,translation_center,application_forms,Finanzierungsbestätigung,Funding confirmation,Confirmation de financement,Conferma del finanziamento,,,,
form_field_marital_property_status_label,translation_center,application_forms,Güterstand,Property regime,Régime de propriété,Regime immobiliare,,,,
form_field_ready_to_sell_label,translation_center,application_forms,Interesse am Verkauf der aktuellen Immobilie,Interest in selling current property,Intérêt pour la vente du bien actuel,Interesse a vendere la proprietà attuale,,,,
craft_object_label,translation_center,application_forms,Objekt,Object,Objet,Oggetto,,,,
craft_household_label,translation_center,application_forms,Allgemein,General,Généralités,Generale,,,,
craft_people_label,translation_center,application_forms,Unternehmen,Company,Entreprise,Entreprise,,,,
craft_adult_label,translation_center,application_forms,Unternehmen,Company,Entreprise,Entreprise,,,,
craft_agreement_label,translation_center,application_forms,Zusammenfassung,Summary,Résumé,Sommario,,,,
craft_section_additional_objects_label,translation_center,application_forms,Zusätzliche Objekte,Additional objects,Objets complémentaires,Oggetti aggiuntivi,,,,
craft_section_general_household_label,translation_center,application_forms,Allgemein,General,Généralités,Generale,,,,
craft_section_more_information_label,translation_center,application_forms,Weitere Informationen,Additional information,Plus d'informations,Ulteriori informazioni,,,,
craft_section_renter_label,translation_center,application_forms,Mieter,Tenant,Locataire,Inquilino,,,,
craft_section_general_adult_label,translation_center,application_forms,Allgemein,General,Généralités,Generale,,,,
craft_section_contact_adult_label,translation_center,application_forms,Kontaktdaten,Contact details,Coordonnées de la personne à contacter,Dettagli di contatto,,,,
craft_section_housing_situation_adult_label,translation_center,application_forms,Aktuelle Raumsituation,Current room situation,Situation actuelle de la chambre,Situazione attuale della camera,,,,
craft_section_employment_adult_label,translation_center,application_forms,Kontakt für Referenzen,Contact for reference,Contact de référence,Contatto di riferimento,,,,
craft_section_credit_adult_label,translation_center,application_forms,Bonität,Creditworthiness,solvabilité,Merito di credito,,,,
craft_section_documents_adult_label,translation_center,application_forms,Dokumente,Documents,Documents,Documenti,,,,
craft_section_agreement_label,translation_center,application_forms,Zusammenfassung,Summary,Résumé,Sommario,,,,
form_field_function_label,translation_center,application_forms,Funktion im Unternehmen,Function in the company,Fonction dans l'entreprise,Funzione in azienda,,,,
form_field_income_gross_label,translation_center,application_forms,Bruttojahreseinkommen,Gross annual income,Revenu annuel brut,Reddito annuo lordo,,,,
parkingspace_household_label,translation_center,application_forms,Allgemein,General,Généralités,Generale,,,,
parkingspace_people_label,translation_center,application_forms,Personen,People,Personnes,Persone,,,,
parkingspace_adult_label,translation_center,application_forms,Mieter,Tenant,Locataire,Inquilino,,,,
parkingspace_agreement_label,translation_center,application_forms,Zusammenfassung,Summary,Résumé,Sommario,,,,
other_household_label,translation_center,application_forms,Allgemein,General,Généralités,Generale,,,,
other_people_label,translation_center,application_forms,Personen,People,Personnes,Persone,,,,
other_adult_label,translation_center,application_forms,Mieter,Tenant,Locataire,Inquilino,,,,
other_agreement_label,translation_center,application_forms,Zusammenfassung,Summary,Résumé,Sommario,,,,
parkingspace_section_general_household_label,translation_center,application_forms,Allgemein,General,Généralités,Generale,,,,
parkingspace_section_renter_label,translation_center,application_forms,Mieter,Tenant,Locataire,Inquilino,,,,
parkingspace_section_general_adult_label,translation_center,application_forms,Allgemein,General,Général,Generale,,,,
parkingspace_section_contact_adult_label,translation_center,application_forms,Kontakt ,Contact,Contact,Contatto,,,,
parkingspace_section_housing_situation_adult_label,translation_center,application_forms,Wohnsituation,Housing situation,Situation du logement,Situazione abitativa,,,,
parkingspace_section_documents_adult_label,translation_center,application_forms,Dokumente,Dokumente,Dokumente,Dokumente,,,,
parkingspace_section_agreement_label,translation_center,application_forms,Zusammenfassung,Summary,Résumé,Sommario,,,,
other_section_general_household_label,translation_center,application_forms,Allgemein,General,Généralités,Generale,,,,
other_section_renter_label,translation_center,application_forms,Mieter,Tenant,Locataire,Inquilino,,,,
other_section_general_adult_label,translation_center,application_forms,Allgemein,General,Général,Generale,,,,
other_section_contact_adult_label,translation_center,application_forms,Kontakt,Contact,Contact,Contatto,,,,
other_section_housing_situation_adult_label,translation_center,application_forms,Wohnsituation,Housing situation,Situation du logement,Situazione abitativa,,,,
other_section_documents_adult_label,translation_center,application_forms,Dokumente,Documents,Dokumente,Dokumente,,,,
other_section_agreement_label,translation_center,application_forms,Zusammenfassung,Summary,Résumé,Sommario,,,,
sale_apartment_section_object_selection_label,translation_center,application_forms,Wohnung,Apartment,Appartement,Appartamento,,,,
sale_apartment_section_additional_objects_label,translation_center,application_forms,Zusätzliche Objekte,Additional objects,Objets complémentaires,Oggetti aggiuntivi,,,,
sale_apartment_section_general_household_label,translation_center,application_forms,Allgemein,General,Généralités,Generale,,,,
sale_apartment_section_financing_household_label,translation_center,application_forms,Finanzierung,Financing,Financemenet,Finanziamento,,,,
sale_apartment_section_more_information_label,translation_center,application_forms,Weitere Informationen,Additional information,Plus d'informations,Ulteriori informazioni,,,,
sale_apartment_section_buyer_label,translation_center,application_forms,Käufer,Buyer,Acheteur,Acquirente,,,,
sale_apartment_section_buyer_label,translation_center,application_forms,Grundinformationen,Basic information,Informations de base,Informazioni di base,,,,
sale_apartment_section_contact_adult_label,translation_center,application_forms,Kontakt,Contact,Contact,Contatto,,,,
sale_apartment_section_housing_situation_adult_label,translation_center,application_forms,Wohnsituation,Housing situation,Situation du logement,Situazione abitativa,,,,
sale_apartment_section_documents_adult_label,translation_center,application_forms,Dokumente,Documents,Documents,Dokumenti,,,,
sale_apartment_section_agreement_label,translation_center,application_forms,Zusammenfassung,Summary,Résumé,Sommario,,,,
form_field_capital_provider_hypomarket_label,translation_center,application_forms,Online-Finanzierungsbestätigung auf hypomarket erstellen,Create online financing confirmation on hypomarket,Créer une confirmation de financement en ligne sur l'hypomarché,Creare una conferma di finanziamento online su ipomarket,,,,
form_company_choice,translation_center,application_forms,"Gesellschaft (AG, GmbH, Verein)","Company (Inc, Ltd, association)","Société (SA, SARL, association)","Società (Inc, Ltd, associazione)",,,,
form_private_company_choice,translation_center,application_forms,Einzelfirma,Individual Company,Entreprise individuelle,Impresa individuale,,,,
form_private_individual_choice,translation_center,application_forms,Privatperson,Private individual,Particulier,Privato,,,,
sale_apartment_object_label,translation_center,application_forms,Objekt,Object,Objet,Oggetto,,,,
sale_apartment_household_label,translation_center,application_forms,Haushalt,Household,Ménage,Casa,,,,
sale_apartment_people_label,translation_center,application_forms,Personen,People,Les personnes,Persone,,,,
sale_apartment_adult_label,translation_center,application_forms,Erwachsener,Adult,Adulte,Adulto,,,,
sale_apartment_agreement_label,translation_center,application_forms,Zusammenfassung,Summary,Résumé,Sommario,,,,
form_secondary_education_1_choice,translation_center,application_forms,Sekundarstufe I,Secondary level I,Niveau secondaire I,Livello secondario I,,,,
form_secondary_education_2_choice,translation_center,application_forms,Sekundarstufe II,Secondary level II,Niveau secondaire II,Livello secondario II,,,,
form_tertiary_education_choice,translation_center,application_forms,Tertiärstufe,Tertiary level,Niveau tertiaire,Livello terziario,,,,
form_ntf_title_invalid_voucher,translation_center,application_forms,Ungültiger Voucher,Invalid voucher,Bon non valable,Voucher non valido,,,,
form_ntf_desc_invalid_voucher,translation_center,application_forms,Ihr Voucher ist abgelaufen oder ungültig,Your voucher is expired or invalid,Votre bon est périmé ou non valable,Il vostro voucher è scaduto o non valido,,,,
form_ntf_title_invalid_child,translation_center,application_forms,Ungültiger Kind,Invalid child,Enfant non valide,Bambino non valido,,,,
form_ntf_desc_invalid_child,translation_center,application_forms,Ungültiger Kind,Invalid child,Enfant non valide,Bambino non valido,,,,
form_ntf_title_invalid_adult,translation_center,application_forms,Ungültiger Erwachsener,Invalid adult,Adulte invalide,Adulto non valido,,,,
form_ntf_desc_invalid_adult,translation_center,application_forms,Ungültiger Erwachsener,Invalid adult,Adulte invalide,Adulto non valido,,,,
form_ntf_title_application_time_out,translation_center,application_forms,Zeitüberschreitung bei der Bewerbung,Application time out,Dépassement du temps de candidature,Superamento del termine di presentazione della domanda,,,,
form_ntf_desc_application_time_out,translation_center,application_forms,Sie haben das Zeitlimit für das Absenden des Formulare überschritten,You exceeded timeout for submitting the form,Vous avez dépassé le délai d'envoi du formulaire,Si è superato il timeout per l'invio del modulo,,,,
form_ntf_title_application_already_submitted,translation_center,application_forms,Bereits eingereichte Bewerbung,Application already submitted,Candidature déjà introduite,Domanda già presentata,,,,
form_ntf_desc_application_already_submitted,translation_center,application_forms,Bereits eingereichte Bewerbung,Application already submitted,Candidature déjà introduite,Domanda già presentata,,,,
form_ntf_title_invalid_application,translation_center,application_forms,Ungültige Bewerbung,Invalid application,Candidature non valide,Applicazione non valida,,,,
form_ntf_desc_invalid_application,translation_center,application_forms,Diese Bewerbung ist nicht gültig,This application is not valid,Cette candidature n'est pas valide,Questa applicazione non è valida,,,,
form_ntf_title_invalid_form,translation_center,application_forms,Ungültiges Formular,Invalid form,Formulaire invalide,Forma non valida,,,,
form_ntf_desc_invalid_form,translation_center,application_forms,Dieses Formular ist ungültig,This form is invalid,Ce formulaire n'est pas valide,Questo modulo non è valido,,,,
form_ntf_title_invalid_objects,translation_center,application_forms,Ungültige Objekte,Invalid object,Objets non valides,Oggetti non validi,,,,
form_ntf_desc_invalid_objects,translation_center,application_forms,Objekt nicht vorhanden,Object not exists,Objet inexistant,Oggetto inesistente,,,,
form_ntf_title_object_reserved,translation_center,application_forms,Reservierte Objekte,Reserved objects,Objets réservés,Oggetti riservati,,,,
form_ntf_desc_object_reserved,translation_center,application_forms,Zurzeit sind keine Objekte frei,No properties currently available,Aucun objet n'est actuellement disponible,Al momento non sono disponibili proprietà,,,,
admin_credit_trust_check_400,translation_center,application_forms,Der Auftrag konnte leider nicht ausgeführt werden. Bitte überprüfen Sie alle erforderlichen Felder auf deren Richtigkeit.,Unfortunately the order could not be processed. Please check that all required fields are correct.,La commande n'a malheureusement pas pu être exécutée. Veuillez vérifier l'exactitude de tous les champs requis.,Purtroppo non è stato possibile elaborare l'ordine. Si prega di controllare che tutti i campi obbligatori siano corretti.,,,,
admin_credit_trust_check_401,translation_center,application_forms,Das API-Token ist ungültig.,The API token is invalid.,Le jeton API n'est pas valide.,Il token API non è valido.,,,,
admin_credit_trust_check_other,translation_center,application_forms,Leider funktioniert dieser Service aktuell nicht.,"Unfortunately, this service is currently not working.","Malheureusement, ce service ne fonctionne pas actuellement.","Purtroppo, questo servizio non è attualmente funzionante.",,,,
admin_credit_trust_check_general,translation_center,application_forms,"Serverfehler, bitte probieren Sie es später nochmals.","Server error, please try again later.","Erreur de serveur, veuillez réessayer plus tard.","Errore del server, riprovare più tardi.",,,,
form_field_type_integer ,translation_center,application_forms,Ganze Zahl,Whole number,Nombre entier,Numero intero,,,,
form_filed_type_radio ,translation_center,application_forms,Optionsfeld,Choice buttons,Boutons de choix,Pulsanti di scelta,,,,
form_field_type_textarea ,translation_center,application_forms,Mehrzeiliges Textfeld,Multiline text field,Champ de texte multiligne,Campo di testo multilinea,,,,
form_field_type_text ,translation_center,application_forms,Textfeld,Text field,Champ de texte,Campo di testo,,,,
form_field_type_file,translation_center,application_forms,Datei Upload,File upload,Téléchargement de fichier,Caricamento file,,,,
form_field_type_select ,translation_center,application_forms,Auswahlfeld,Dropdown select,Sélection déroulante,Selezione a discesa,,,,
form_field_type_date ,translation_center,application_forms,Datum,Date,Date,Data,,,,
form_field_type_email ,translation_center,application_forms,Email,Email,Courriel,Email,,,,
form_field_type_phone_number ,translation_center,application_forms,Telefonnummer,Phone number,Numéro de téléphone,Numero di telefono,,,,
form_field_type_boolean ,translation_center,application_forms,Zwei-Optionen-Auswahl,Two-option choice,Choix à deux options,Scelta a due opzioni,,,,
form_field_type_html ,translation_center,application_forms,HTML,HTML,HTML,HTML,,,,
form_field_type_select_apartment ,translation_center,application_forms,Auswahlfeld,Dropdown select,Sélection déroulante,Selezione a discesa,,,,
form_field_type_select_country ,translation_center,application_forms,Auswahlfeld,Dropdown select,Sélection déroulante,Selezione a discesa,,,,
form_field_type_select_residents ,translation_center,application_forms,Auswahlfeld,Dropdown select,Sélection déroulante,Selezione a discesa,,,,
